[{"model": "admin.logentry", "pk": 1, "fields": {"action_time": "2025-02-24T05:33:52.526Z", "user": 1, "content_type": 7, "object_id": "1", "object_repr": "Juicy Couture", "action_flag": 1, "change_message": "[{\"added\": {}}]"}}, {"model": "admin.logentry", "pk": 2, "fields": {"action_time": "2025-02-24T05:34:08.839Z", "user": 1, "content_type": 7, "object_id": "2", "object_repr": "True Religion", "action_flag": 1, "change_message": "[{\"added\": {}}]"}}, {"model": "admin.logentry", "pk": 3, "fields": {"action_time": "2025-02-24T05:34:38.225Z", "user": 1, "content_type": 8, "object_id": "1", "object_repr": "Hats", "action_flag": 1, "change_message": "[{\"added\": {}}]"}}, {"model": "admin.logentry", "pk": 4, "fields": {"action_time": "2025-02-24T05:34:44.077Z", "user": 1, "content_type": 8, "object_id": "2", "object_repr": "Jewelry", "action_flag": 1, "change_message": "[{\"added\": {}}]"}}, {"model": "admin.logentry", "pk": 5, "fields": {"action_time": "2025-02-24T05:34:52.855Z", "user": 1, "content_type": 8, "object_id": "3", "object_repr": "Tops", "action_flag": 1, "change_message": "[{\"added\": {}}]"}}, {"model": "admin.logentry", "pk": 6, "fields": {"action_time": "2025-02-24T05:34:56.258Z", "user": 1, "content_type": 8, "object_id": "4", "object_repr": "Bottoms", "action_flag": 1, "change_message": "[{\"added\": {}}]"}}, {"model": "admin.logentry", "pk": 7, "fields": {"action_time": "2025-02-24T05:34:59.056Z", "user": 1, "content_type": 8, "object_id": "5", "object_repr": "Dresses", "action_flag": 1, "change_message": "[{\"added\": {}}]"}}, {"model": "admin.logentry", "pk": 8, "fields": {"action_time": "2025-02-24T05:35:07.613Z", "user": 1, "content_type": 8, "object_id": "6", "object_repr": "Outerwear", "action_flag": 1, "change_message": "[{\"added\": {}}]"}}, {"model": "admin.logentry", "pk": 9, "fields": {"action_time": "2025-02-24T05:35:12.295Z", "user": 1, "content_type": 8, "object_id": "7", "object_repr": "Shoes", "action_flag": 1, "change_message": "[{\"added\": {}}]"}}, {"model": "admin.logentry", "pk": 10, "fields": {"action_time": "2025-02-24T05:36:32.945Z", "user": 1, "content_type": 9, "object_id": "1", "object_repr": "First attempt", "action_flag": 1, "change_message": "[{\"added\": {}}]"}}, {"model": "admin.logentry", "pk": 11, "fields": {"action_time": "2025-02-24T05:37:09.742Z", "user": 1, "content_type": 9, "object_id": "1", "object_repr": "First attempt", "action_flag": 3, "change_message": ""}}, {"model": "admin.logentry", "pk": 12, "fields": {"action_time": "2025-02-24T05:40:32.662Z", "user": 1, "content_type": 9, "object_id": "2", "object_repr": "Juicy Shirt", "action_flag": 1, "change_message": "[{\"added\": {}}]"}}, {"model": "admin.logentry", "pk": 13, "fields": {"action_time": "2025-02-24T08:29:31.149Z", "user": 1, "content_type": 9, "object_id": "3", "object_repr": "Jeans", "action_flag": 1, "change_message": "[{\"added\": {}}]"}}, {"model": "admin.logentry", "pk": 14, "fields": {"action_time": "2025-02-24T08:29:37.515Z", "user": 1, "content_type": 9, "object_id": "2", "object_repr": "Juicy Shirt", "action_flag": 3, "change_message": ""}}, {"model": "admin.logentry", "pk": 15, "fields": {"action_time": "2025-02-24T08:34:14.262Z", "user": 1, "content_type": 7, "object_id": "3", "object_repr": "Harley Davidson", "action_flag": 1, "change_message": "[{\"added\": {}}]"}}, {"model": "admin.logentry", "pk": 16, "fields": {"action_time": "2025-02-24T08:35:43.741Z", "user": 1, "content_type": 9, "object_id": "4", "object_repr": "HD Top", "action_flag": 1, "change_message": "[{\"added\": {}}]"}}, {"model": "admin.logentry", "pk": 17, "fields": {"action_time": "2025-02-24T09:55:08.258Z", "user": 1, "content_type": 9, "object_id": "5", "object_repr": "Skull-Back Tank", "action_flag": 1, "change_message": "[{\"added\": {}}, {\"added\": {\"name\": \"product image\", \"object\": \"Image for Skull-Back Tank\"}}, {\"added\": {\"name\": \"product image\", \"object\": \"Image for Skull-Back Tank\"}}, {\"added\": {\"name\": \"product image\", \"object\": \"Image for Skull-Back Tank\"}}, {\"added\": {\"name\": \"product image\", \"object\": \"Image for Skull-Back Tank\"}}]"}}, {"model": "admin.logentry", "pk": 18, "fields": {"action_time": "2025-02-24T10:14:41.487Z", "user": 1, "content_type": 9, "object_id": "4", "object_repr": "HD Top", "action_flag": 3, "change_message": ""}}, {"model": "admin.logentry", "pk": 19, "fields": {"action_time": "2025-02-24T10:14:41.493Z", "user": 1, "content_type": 9, "object_id": "3", "object_repr": "Jeans", "action_flag": 3, "change_message": ""}}, {"model": "admin.logentry", "pk": 20, "fields": {"action_time": "2025-02-25T06:48:35.113Z", "user": 1, "content_type": 11, "object_id": "1", "object_repr": "https://www.instagram.com/vintagememere/p/DDXXgMiNMTH/?img_index=1", "action_flag": 1, "change_message": "[{\"added\": {}}]"}}, {"model": "admin.logentry", "pk": 21, "fields": {"action_time": "2025-02-25T06:58:08.131Z", "user": 1, "content_type": 11, "object_id": "1", "object_repr": "https://www.instagram.com/vintagememere/p/DDXXgMiNMTH/?img_index=1", "action_flag": 3, "change_message": ""}}, {"model": "admin.logentry", "pk": 22, "fields": {"action_time": "2025-02-25T06:58:22.956Z", "user": 1, "content_type": 11, "object_id": "2", "object_repr": "https://www.instagram.com/vintagememere/p/DDXXgMiNMTH/?img_index=1", "action_flag": 1, "change_message": "[{\"added\": {}}]"}}, {"model": "admin.logentry", "pk": 23, "fields": {"action_time": "2025-02-25T07:01:35.262Z", "user": 1, "content_type": 11, "object_id": "2", "object_repr": "https://www.instagram.com/vintagememere/p/DDXXgMiNMTH/?img_index=1", "action_flag": 3, "change_message": ""}}, {"model": "admin.logentry", "pk": 24, "fields": {"action_time": "2025-02-25T07:18:42.263Z", "user": 1, "content_type": 11, "object_id": "3", "object_repr": "https://www.instagram.com/p/C7cubcbpU3T/", "action_flag": 1, "change_message": "[{\"added\": {}}]"}}, {"model": "admin.logentry", "pk": 25, "fields": {"action_time": "2025-02-25T07:18:48.996Z", "user": 1, "content_type": 11, "object_id": "4", "object_repr": "https://www.instagram.com/vintagememere/p/C8-gcAdpFDq/", "action_flag": 1, "change_message": "[{\"added\": {}}]"}}, {"model": "admin.logentry", "pk": 26, "fields": {"action_time": "2025-02-25T07:18:57.301Z", "user": 1, "content_type": 11, "object_id": "5", "object_repr": "https://www.instagram.com/p/DF_4aHTOU1d/", "action_flag": 1, "change_message": "[{\"added\": {}}]"}}, {"model": "admin.logentry", "pk": 27, "fields": {"action_time": "2025-02-25T07:19:39.070Z", "user": 1, "content_type": 11, "object_id": "6", "object_repr": "https://www.instagram.com/vintagememere/p/DGco-t0ubBV/", "action_flag": 1, "change_message": "[{\"added\": {}}]"}}, {"model": "admin.logentry", "pk": 28, "fields": {"action_time": "2025-02-25T07:19:51.098Z", "user": 1, "content_type": 11, "object_id": "7", "object_repr": "https://www.instagram.com/p/DGfHnioOKGg/", "action_flag": 1, "change_message": "[{\"added\": {}}]"}}, {"model": "admin.logentry", "pk": 29, "fields": {"action_time": "2025-02-25T07:20:21.282Z", "user": 1, "content_type": 11, "object_id": "8", "object_repr": "https://www.instagram.com/vintagememere/p/DF_2otCOots/?img_index=1", "action_flag": 1, "change_message": "[{\"added\": {}}]"}}, {"model": "admin.logentry", "pk": 30, "fields": {"action_time": "2025-02-25T07:20:39.621Z", "user": 1, "content_type": 11, "object_id": "9", "object_repr": "https://www.instagram.com/vintagememere/p/DEgIGARskjW/", "action_flag": 1, "change_message": "[{\"added\": {}}]"}}, {"model": "admin.logentry", "pk": 31, "fields": {"action_time": "2025-02-25T07:21:07.255Z", "user": 1, "content_type": 11, "object_id": "10", "object_repr": "https://www.instagram.com/vintagememere/p/DDzsM5xvNPk/", "action_flag": 1, "change_message": "[{\"added\": {}}]"}}, {"model": "admin.logentry", "pk": 32, "fields": {"action_time": "2025-02-25T07:21:28.912Z", "user": 1, "content_type": 11, "object_id": "11", "object_repr": "https://www.instagram.com/vintagememere/p/DBCdxwtOygX/", "action_flag": 1, "change_message": "[{\"added\": {}}]"}}, {"model": "admin.logentry", "pk": 33, "fields": {"action_time": "2025-02-26T12:09:50.877Z", "user": 1, "content_type": 7, "object_id": "4", "object_repr": "Leg Avenue", "action_flag": 1, "change_message": "[{\"added\": {}}]"}}, {"model": "admin.logentry", "pk": 34, "fields": {"action_time": "2025-02-26T12:10:38.288Z", "user": 1, "content_type": 9, "object_id": "6", "object_repr": "Black Dress", "action_flag": 1, "change_message": "[{\"added\": {}}, {\"added\": {\"name\": \"product image\", \"object\": \"Image for Black Dress\"}}, {\"added\": {\"name\": \"product image\", \"object\": \"Image for Black Dress\"}}, {\"added\": {\"name\": \"product image\", \"object\": \"Image for Black Dress\"}}, {\"added\": {\"name\": \"product image\", \"object\": \"Image for Black Dress\"}}]"}}, {"model": "admin.logentry", "pk": 35, "fields": {"action_time": "2025-02-26T12:14:06.465Z", "user": 1, "content_type": 8, "object_id": "8", "object_repr": "Purses", "action_flag": 1, "change_message": "[{\"added\": {}}]"}}, {"model": "admin.logentry", "pk": 36, "fields": {"action_time": "2025-02-26T12:14:15.249Z", "user": 1, "content_type": 7, "object_id": "5", "object_repr": "Guess", "action_flag": 1, "change_message": "[{\"added\": {}}]"}}, {"model": "admin.logentry", "pk": 37, "fields": {"action_time": "2025-02-26T12:15:38.335Z", "user": 1, "content_type": 9, "object_id": "7", "object_repr": "Y2K Guess Baguette", "action_flag": 1, "change_message": "[{\"added\": {}}, {\"added\": {\"name\": \"product image\", \"object\": \"Image for Y2K Guess Baguette\"}}, {\"added\": {\"name\": \"product image\", \"object\": \"Image for Y2K Guess Baguette\"}}, {\"added\": {\"name\": \"product image\", \"object\": \"Image for Y2K Guess Baguette\"}}, {\"added\": {\"name\": \"product image\", \"object\": \"Image for Y2K Guess Baguette\"}}, {\"added\": {\"name\": \"product image\", \"object\": \"Image for Y2K Guess Baguette\"}}]"}}, {"model": "admin.logentry", "pk": 38, "fields": {"action_time": "2025-02-26T12:17:30.314Z", "user": 1, "content_type": 7, "object_id": "6", "object_repr": "Christian Dior", "action_flag": 1, "change_message": "[{\"added\": {}}]"}}, {"model": "admin.logentry", "pk": 39, "fields": {"action_time": "2025-02-26T12:17:38.417Z", "user": 1, "content_type": 9, "object_id": "8", "object_repr": "Christian Dior Blouse", "action_flag": 1, "change_message": "[{\"added\": {}}, {\"added\": {\"name\": \"product image\", \"object\": \"Image for Christian Dior Blouse\"}}, {\"added\": {\"name\": \"product image\", \"object\": \"Image for Christian Dior Blouse\"}}, {\"added\": {\"name\": \"product image\", \"object\": \"Image for Christian Dior Blouse\"}}]"}}, {"model": "admin.logentry", "pk": 40, "fields": {"action_time": "2025-02-26T12:20:08.356Z", "user": 1, "content_type": 9, "object_id": "5", "object_repr": "Skull-Back Tank", "action_flag": 3, "change_message": ""}}, {"model": "admin.logentry", "pk": 41, "fields": {"action_time": "2025-02-26T12:22:09.579Z", "user": 1, "content_type": 9, "object_id": "9", "object_repr": "Harley Davidson Women's Black and Blue Crop-top", "action_flag": 1, "change_message": "[{\"added\": {}}, {\"added\": {\"name\": \"product image\", \"object\": \"Image for Harley Davidson Women's Black and Blue Crop-top\"}}, {\"added\": {\"name\": \"product image\", \"object\": \"Image for Harley Davidson Women's Black and Blue Crop-top\"}}, {\"added\": {\"name\": \"product image\", \"object\": \"Image for Harley Davidson Women's Black and Blue Crop-top\"}}, {\"added\": {\"name\": \"product image\", \"object\": \"Image for Harley Davidson Women's Black and Blue Crop-top\"}}]"}}, {"model": "admin.logentry", "pk": 42, "fields": {"action_time": "2025-02-26T12:25:54.609Z", "user": 1, "content_type": 9, "object_id": "10", "object_repr": "Harley Davidson Women's Pink Vest", "action_flag": 1, "change_message": "[{\"added\": {}}, {\"added\": {\"name\": \"product image\", \"object\": \"Image for Harley Davidson Women's Pink Vest\"}}, {\"added\": {\"name\": \"product image\", \"object\": \"Image for Harley Davidson Women's Pink Vest\"}}, {\"added\": {\"name\": \"product image\", \"object\": \"Image for Harley Davidson Women's Pink Vest\"}}, {\"added\": {\"name\": \"product image\", \"object\": \"Image for Harley Davidson Women's Pink Vest\"}}]"}}, {"model": "admin.logentry", "pk": 43, "fields": {"action_time": "2025-02-26T12:28:40.487Z", "user": 1, "content_type": 7, "object_id": "7", "object_repr": "Jean Paul Gaultier", "action_flag": 1, "change_message": "[{\"added\": {}}]"}}, {"model": "admin.logentry", "pk": 44, "fields": {"action_time": "2025-02-26T12:30:29.930Z", "user": 1, "content_type": 9, "object_id": "11", "object_repr": "Jean-Paul Gaultier Women's Multi Vest", "action_flag": 1, "change_message": "[{\"added\": {}}, {\"added\": {\"name\": \"product image\", \"object\": \"Image for Jean-Paul Gaultier Women's Multi Vest\"}}, {\"added\": {\"name\": \"product image\", \"object\": \"Image for Jean-Paul Gaultier Women's Multi Vest\"}}, {\"added\": {\"name\": \"product image\", \"object\": \"Image for Jean-Paul Gaultier Women's Multi Vest\"}}]"}}, {"model": "admin.logentry", "pk": 45, "fields": {"action_time": "2025-02-26T12:40:30.826Z", "user": 1, "content_type": 7, "object_id": "8", "object_repr": "Marithé + François Girbaud", "action_flag": 1, "change_message": "[{\"added\": {}}]"}}, {"model": "admin.logentry", "pk": 46, "fields": {"action_time": "2025-02-26T12:42:02.224Z", "user": 1, "content_type": 9, "object_id": "12", "object_repr": "Marithé + François Girbaud Women's Blue and Navy Skirt", "action_flag": 1, "change_message": "[{\"added\": {}}, {\"added\": {\"name\": \"product image\", \"object\": \"Image for Marith\\u00e9 + Fran\\u00e7ois Girbaud Women's Blue and Navy Skirt\"}}, {\"added\": {\"name\": \"product image\", \"object\": \"Image for Marith\\u00e9 + Fran\\u00e7ois Girbaud Women's Blue and Navy Skirt\"}}, {\"added\": {\"name\": \"product image\", \"object\": \"Image for Marith\\u00e9 + Fran\\u00e7ois Girbaud Women's Blue and Navy Skirt\"}}, {\"added\": {\"name\": \"product image\", \"object\": \"Image for Marith\\u00e9 + Fran\\u00e7ois Girbaud Women's Blue and Navy Skirt\"}}, {\"added\": {\"name\": \"product image\", \"object\": \"Image for Marith\\u00e9 + Fran\\u00e7ois Girbaud Women's Blue and Navy Skirt\"}}, {\"added\": {\"name\": \"product image\", \"object\": \"Image for Marith\\u00e9 + Fran\\u00e7ois Girbaud Women's Blue and Navy Skirt\"}}, {\"added\": {\"name\": \"product image\", \"object\": \"Image for Marith\\u00e9 + Fran\\u00e7ois Girbaud Women's Blue and Navy Skirt\"}}, {\"added\": {\"name\": \"product image\", \"object\": \"Image for Marith\\u00e9 + Fran\\u00e7ois Girbaud Women's Blue and Navy Skirt\"}}]"}}, {"model": "admin.logentry", "pk": 47, "fields": {"action_time": "2025-02-26T12:47:19.415Z", "user": 1, "content_type": 9, "object_id": "13", "object_repr": "Marithé + François Girbaud Men's multi Jacket", "action_flag": 1, "change_message": "[{\"added\": {}}, {\"added\": {\"name\": \"product image\", \"object\": \"Image for Marith\\u00e9 + Fran\\u00e7ois Girbaud Men's multi Jacket\"}}, {\"added\": {\"name\": \"product image\", \"object\": \"Image for Marith\\u00e9 + Fran\\u00e7ois Girbaud Men's multi Jacket\"}}, {\"added\": {\"name\": \"product image\", \"object\": \"Image for Marith\\u00e9 + Fran\\u00e7ois Girbaud Men's multi Jacket\"}}, {\"added\": {\"name\": \"product image\", \"object\": \"Image for Marith\\u00e9 + Fran\\u00e7ois Girbaud Men's multi Jacket\"}}, {\"added\": {\"name\": \"product image\", \"object\": \"Image for Marith\\u00e9 + Fran\\u00e7ois Girbaud Men's multi Jacket\"}}]"}}, {"model": "admin.logentry", "pk": 48, "fields": {"action_time": "2025-04-10T02:58:06.060Z", "user": 1, "content_type": 11, "object_id": "11", "object_repr": "(no image)", "action_flag": 3, "change_message": ""}}, {"model": "admin.logentry", "pk": 49, "fields": {"action_time": "2025-04-10T02:58:13.431Z", "user": 1, "content_type": 11, "object_id": "10", "object_repr": "(no image)", "action_flag": 3, "change_message": ""}}, {"model": "admin.logentry", "pk": 50, "fields": {"action_time": "2025-04-10T02:58:13.433Z", "user": 1, "content_type": 11, "object_id": "9", "object_repr": "(no image)", "action_flag": 3, "change_message": ""}}, {"model": "admin.logentry", "pk": 51, "fields": {"action_time": "2025-04-10T02:58:13.434Z", "user": 1, "content_type": 11, "object_id": "8", "object_repr": "(no image)", "action_flag": 3, "change_message": ""}}, {"model": "admin.logentry", "pk": 52, "fields": {"action_time": "2025-04-10T02:58:13.434Z", "user": 1, "content_type": 11, "object_id": "7", "object_repr": "(no image)", "action_flag": 3, "change_message": ""}}, {"model": "admin.logentry", "pk": 53, "fields": {"action_time": "2025-04-10T02:58:13.435Z", "user": 1, "content_type": 11, "object_id": "6", "object_repr": "(no image)", "action_flag": 3, "change_message": ""}}, {"model": "admin.logentry", "pk": 54, "fields": {"action_time": "2025-04-10T02:58:13.435Z", "user": 1, "content_type": 11, "object_id": "5", "object_repr": "(no image)", "action_flag": 3, "change_message": ""}}, {"model": "admin.logentry", "pk": 55, "fields": {"action_time": "2025-04-10T02:58:13.436Z", "user": 1, "content_type": 11, "object_id": "4", "object_repr": "(no image)", "action_flag": 3, "change_message": ""}}, {"model": "admin.logentry", "pk": 56, "fields": {"action_time": "2025-04-10T02:58:13.436Z", "user": 1, "content_type": 11, "object_id": "3", "object_repr": "(no image)", "action_flag": 3, "change_message": ""}}, {"model": "admin.logentry", "pk": 57, "fields": {"action_time": "2025-04-10T03:06:35.540Z", "user": 1, "content_type": 11, "object_id": "12", "object_repr": "image1.jpg", "action_flag": 1, "change_message": "[{\"added\": {}}]"}}, {"model": "admin.logentry", "pk": 58, "fields": {"action_time": "2025-04-10T03:07:50.368Z", "user": 1, "content_type": 11, "object_id": "13", "object_repr": "image2.jpg", "action_flag": 1, "change_message": "[{\"added\": {}}]"}}, {"model": "admin.logentry", "pk": 59, "fields": {"action_time": "2025-04-10T03:08:13.964Z", "user": 1, "content_type": 11, "object_id": "14", "object_repr": "image3.jpg", "action_flag": 1, "change_message": "[{\"added\": {}}]"}}, {"model": "admin.logentry", "pk": 60, "fields": {"action_time": "2025-04-10T03:08:31.491Z", "user": 1, "content_type": 11, "object_id": "15", "object_repr": "image4.jpg", "action_flag": 1, "change_message": "[{\"added\": {}}]"}}, {"model": "admin.logentry", "pk": 61, "fields": {"action_time": "2025-04-10T03:08:45.675Z", "user": 1, "content_type": 11, "object_id": "16", "object_repr": "image5.jpg", "action_flag": 1, "change_message": "[{\"added\": {}}]"}}, {"model": "admin.logentry", "pk": 62, "fields": {"action_time": "2025-04-10T03:09:07.091Z", "user": 1, "content_type": 11, "object_id": "17", "object_repr": "image6.jpg", "action_flag": 1, "change_message": "[{\"added\": {}}]"}}, {"model": "admin.logentry", "pk": 63, "fields": {"action_time": "2025-04-10T03:23:48.330Z", "user": 1, "content_type": 11, "object_id": "18", "object_repr": "image7.jpg", "action_flag": 1, "change_message": "[{\"added\": {}}]"}}, {"model": "admin.logentry", "pk": 64, "fields": {"action_time": "2025-04-10T03:24:12.379Z", "user": 1, "content_type": 11, "object_id": "19", "object_repr": "image8.jpg", "action_flag": 1, "change_message": "[{\"added\": {}}]"}}, {"model": "admin.logentry", "pk": 65, "fields": {"action_time": "2025-04-10T03:24:35.380Z", "user": 1, "content_type": 11, "object_id": "20", "object_repr": "image9.jpg", "action_flag": 1, "change_message": "[{\"added\": {}}]"}}, {"model": "admin.logentry", "pk": 66, "fields": {"action_time": "2025-04-18T04:51:05.917Z", "user": 1, "content_type": 11, "object_id": "20", "object_repr": "image9.jpg", "action_flag": 3, "change_message": ""}}, {"model": "admin.logentry", "pk": 67, "fields": {"action_time": "2025-04-18T04:51:05.920Z", "user": 1, "content_type": 11, "object_id": "19", "object_repr": "image8.jpg", "action_flag": 3, "change_message": ""}}, {"model": "admin.logentry", "pk": 68, "fields": {"action_time": "2025-04-18T04:51:05.921Z", "user": 1, "content_type": 11, "object_id": "18", "object_repr": "image7.jpg", "action_flag": 3, "change_message": ""}}, {"model": "admin.logentry", "pk": 69, "fields": {"action_time": "2025-04-18T04:51:05.922Z", "user": 1, "content_type": 11, "object_id": "17", "object_repr": "image6.jpg", "action_flag": 3, "change_message": ""}}, {"model": "admin.logentry", "pk": 70, "fields": {"action_time": "2025-04-18T04:51:05.924Z", "user": 1, "content_type": 11, "object_id": "16", "object_repr": "image5.jpg", "action_flag": 3, "change_message": ""}}, {"model": "admin.logentry", "pk": 71, "fields": {"action_time": "2025-04-18T04:51:05.925Z", "user": 1, "content_type": 11, "object_id": "15", "object_repr": "image4.jpg", "action_flag": 3, "change_message": ""}}, {"model": "admin.logentry", "pk": 72, "fields": {"action_time": "2025-04-18T04:51:05.926Z", "user": 1, "content_type": 11, "object_id": "14", "object_repr": "image3.jpg", "action_flag": 3, "change_message": ""}}, {"model": "admin.logentry", "pk": 73, "fields": {"action_time": "2025-04-18T04:51:05.927Z", "user": 1, "content_type": 11, "object_id": "13", "object_repr": "image2.jpg", "action_flag": 3, "change_message": ""}}, {"model": "admin.logentry", "pk": 74, "fields": {"action_time": "2025-04-18T04:51:05.927Z", "user": 1, "content_type": 11, "object_id": "12", "object_repr": "image1.jpg", "action_flag": 3, "change_message": ""}}, {"model": "admin.logentry", "pk": 75, "fields": {"action_time": "2025-04-18T04:54:43.218Z", "user": 1, "content_type": 11, "object_id": "21", "object_repr": "431604078_961717148684728_4579963801218717087_n.jpg", "action_flag": 1, "change_message": "[{\"added\": {}}]"}}, {"model": "admin.logentry", "pk": 76, "fields": {"action_time": "2025-04-18T04:55:05.765Z", "user": 1, "content_type": 11, "object_id": "22", "object_repr": "434359194_779791040791314_5970062010744591711_n.jpg", "action_flag": 1, "change_message": "[{\"added\": {}}]"}}, {"model": "admin.logentry", "pk": 77, "fields": {"action_time": "2025-04-18T04:55:26.396Z", "user": 1, "content_type": 11, "object_id": "23", "object_repr": "446218931_2250996775243765_3251114871304363780_n.jpg", "action_flag": 1, "change_message": "[{\"added\": {}}]"}}, {"model": "admin.logentry", "pk": 78, "fields": {"action_time": "2025-04-18T04:55:49.595Z", "user": 1, "content_type": 11, "object_id": "24", "object_repr": "456173836_810242287825856_4814164405974582026_n.jpg", "action_flag": 1, "change_message": "[{\"added\": {}}]"}}, {"model": "admin.logentry", "pk": 79, "fields": {"action_time": "2025-04-18T04:56:08.715Z", "user": 1, "content_type": 11, "object_id": "25", "object_repr": "472472363_1116904326425279_2783623991881310407_n.jpg", "action_flag": 1, "change_message": "[{\"added\": {}}]"}}, {"model": "admin.logentry", "pk": 80, "fields": {"action_time": "2025-04-18T04:56:22.299Z", "user": 1, "content_type": 11, "object_id": "26", "object_repr": "485449857_17986359593795963_8788839848049638831_n.jpg", "action_flag": 1, "change_message": "[{\"added\": {}}]"}}, {"model": "admin.logentry", "pk": 81, "fields": {"action_time": "2025-04-18T04:56:57.624Z", "user": 1, "content_type": 11, "object_id": "27", "object_repr": "485451424_17986359632795963_7870027015038255818_n.jpg", "action_flag": 1, "change_message": "[{\"added\": {}}]"}}, {"model": "admin.logentry", "pk": 82, "fields": {"action_time": "2025-04-18T04:57:21.636Z", "user": 1, "content_type": 11, "object_id": "28", "object_repr": "485653956_17986359605795963_3885953438487748118_n.jpg", "action_flag": 1, "change_message": "[{\"added\": {}}]"}}, {"model": "admin.logentry", "pk": 83, "fields": {"action_time": "2025-04-18T04:57:46.823Z", "user": 1, "content_type": 11, "object_id": "29", "object_repr": "486493984_17986358975795963_2741066886057326018_n.jpg", "action_flag": 1, "change_message": "[{\"added\": {}}]"}}, {"model": "admin.logentry", "pk": 84, "fields": {"action_time": "2025-04-22T01:34:24.017Z", "user": 1, "content_type": 7, "object_id": "9", "object_repr": "Rick Owens x Converse", "action_flag": 1, "change_message": "[{\"added\": {}}]"}}, {"model": "admin.logentry", "pk": 85, "fields": {"action_time": "2025-04-22T01:35:44.823Z", "user": 1, "content_type": 9, "object_id": "14", "object_repr": "RICK OWENS DRKSHDW SNEAKERS", "action_flag": 1, "change_message": "[{\"added\": {}}, {\"added\": {\"name\": \"product image\", \"object\": \"Image for RICK OWENS DRKSHDW SNEAKERS\"}}, {\"added\": {\"name\": \"product image\", \"object\": \"Image for RICK OWENS DRKSHDW SNEAKERS\"}}, {\"added\": {\"name\": \"product image\", \"object\": \"Image for RICK OWENS DRKSHDW SNEAKERS\"}}, {\"added\": {\"name\": \"product image\", \"object\": \"Image for RICK OWENS DRKSHDW SNEAKERS\"}}, {\"added\": {\"name\": \"product image\", \"object\": \"Image for RICK OWENS DRKSHDW SNEAKERS\"}}, {\"added\": {\"name\": \"product image\", \"object\": \"Image for RICK OWENS DRKSHDW SNEAKERS\"}}, {\"added\": {\"name\": \"product image\", \"object\": \"Image for RICK OWENS DRKSHDW SNEAKERS\"}}]"}}, {"model": "admin.logentry", "pk": 86, "fields": {"action_time": "2025-04-22T01:37:56.348Z", "user": 1, "content_type": 7, "object_id": "10", "object_repr": "Ed Hardy", "action_flag": 1, "change_message": "[{\"added\": {}}]"}}, {"model": "admin.logentry", "pk": 87, "fields": {"action_time": "2025-04-22T01:40:03.214Z", "user": 1, "content_type": 9, "object_id": "15", "object_repr": "ED HARDY JACKET", "action_flag": 1, "change_message": "[{\"added\": {}}, {\"added\": {\"name\": \"product image\", \"object\": \"Image for ED HARDY JACKET\"}}, {\"added\": {\"name\": \"product image\", \"object\": \"Image for ED HARDY JACKET\"}}, {\"added\": {\"name\": \"product image\", \"object\": \"Image for ED HARDY JACKET\"}}, {\"added\": {\"name\": \"product image\", \"object\": \"Image for ED HARDY JACKET\"}}, {\"added\": {\"name\": \"product image\", \"object\": \"Image for ED HARDY JACKET\"}}, {\"added\": {\"name\": \"product image\", \"object\": \"Image for ED HARDY JACKET\"}}, {\"added\": {\"name\": \"product image\", \"object\": \"Image for ED HARDY JACKET\"}}, {\"added\": {\"name\": \"product image\", \"object\": \"Image for ED HARDY JACKET\"}}]"}}, {"model": "admin.logentry", "pk": 88, "fields": {"action_time": "2025-04-22T01:41:58.043Z", "user": 1, "content_type": 7, "object_id": "11", "object_repr": "Miami Dolphin's", "action_flag": 1, "change_message": "[{\"added\": {}}]"}}, {"model": "admin.logentry", "pk": 89, "fields": {"action_time": "2025-04-22T01:43:03.251Z", "user": 1, "content_type": 9, "object_id": "16", "object_repr": "STARTER JACKET", "action_flag": 1, "change_message": "[{\"added\": {}}, {\"added\": {\"name\": \"product image\", \"object\": \"Image for STARTER JACKET\"}}, {\"added\": {\"name\": \"product image\", \"object\": \"Image for STARTER JACKET\"}}, {\"added\": {\"name\": \"product image\", \"object\": \"Image for STARTER JACKET\"}}, {\"added\": {\"name\": \"product image\", \"object\": \"Image for STARTER JACKET\"}}, {\"added\": {\"name\": \"product image\", \"object\": \"Image for STARTER JACKET\"}}, {\"added\": {\"name\": \"product image\", \"object\": \"Image for STARTER JACKET\"}}, {\"added\": {\"name\": \"product image\", \"object\": \"Image for STARTER JACKET\"}}, {\"added\": {\"name\": \"product image\", \"object\": \"Image for STARTER JACKET\"}}, {\"added\": {\"name\": \"product image\", \"object\": \"Image for STARTER JACKET\"}}, {\"added\": {\"name\": \"product image\", \"object\": \"Image for STARTER JACKET\"}}]"}}, {"model": "admin.logentry", "pk": 90, "fields": {"action_time": "2025-04-22T01:45:38.890Z", "user": 1, "content_type": 7, "object_id": "12", "object_repr": "COOGI", "action_flag": 1, "change_message": "[{\"added\": {}}]"}}, {"model": "admin.logentry", "pk": 91, "fields": {"action_time": "2025-04-22T01:46:06.828Z", "user": 1, "content_type": 9, "object_id": "17", "object_repr": "COOGI JEANS", "action_flag": 1, "change_message": "[{\"added\": {}}, {\"added\": {\"name\": \"product image\", \"object\": \"Image for COOGI JEANS\"}}, {\"added\": {\"name\": \"product image\", \"object\": \"Image for COOGI JEANS\"}}, {\"added\": {\"name\": \"product image\", \"object\": \"Image for COOGI JEANS\"}}, {\"added\": {\"name\": \"product image\", \"object\": \"Image for COOGI JEANS\"}}, {\"added\": {\"name\": \"product image\", \"object\": \"Image for COOGI JEANS\"}}]"}}, {"model": "admin.logentry", "pk": 92, "fields": {"action_time": "2025-04-22T01:52:27.246Z", "user": 1, "content_type": 9, "object_id": "18", "object_repr": "Vintage 90s Miami Dolphins Puffer", "action_flag": 1, "change_message": "[{\"added\": {}}, {\"added\": {\"name\": \"product image\", \"object\": \"Image for Vintage 90s Miami Dolphins Puffer\"}}, {\"added\": {\"name\": \"product image\", \"object\": \"Image for Vintage 90s Miami Dolphins Puffer\"}}, {\"added\": {\"name\": \"product image\", \"object\": \"Image for Vintage 90s Miami Dolphins Puffer\"}}, {\"added\": {\"name\": \"product image\", \"object\": \"Image for Vintage 90s Miami Dolphins Puffer\"}}, {\"added\": {\"name\": \"product image\", \"object\": \"Image for Vintage 90s Miami Dolphins Puffer\"}}, {\"added\": {\"name\": \"product image\", \"object\": \"Image for Vintage 90s Miami Dolphins Puffer\"}}, {\"added\": {\"name\": \"product image\", \"object\": \"Image for Vintage 90s Miami Dolphins Puffer\"}}]"}}, {"model": "admin.logentry", "pk": 93, "fields": {"action_time": "2025-04-22T01:53:47.180Z", "user": 1, "content_type": 7, "object_id": "13", "object_repr": "Brandless", "action_flag": 1, "change_message": "[{\"added\": {}}]"}}, {"model": "admin.logentry", "pk": 94, "fields": {"action_time": "2025-04-22T01:54:07.648Z", "user": 1, "content_type": 9, "object_id": "19", "object_repr": "VINTAGE BAG", "action_flag": 1, "change_message": "[{\"added\": {}}, {\"added\": {\"name\": \"product image\", \"object\": \"Image for VINTAGE BAG\"}}, {\"added\": {\"name\": \"product image\", \"object\": \"Image for VINTAGE BAG\"}}, {\"added\": {\"name\": \"product image\", \"object\": \"Image for VINTAGE BAG\"}}]"}}, {"model": "admin.logentry", "pk": 95, "fields": {"action_time": "2025-04-23T03:57:21.174Z", "user": 1, "content_type": 7, "object_id": "14", "object_repr": "Valentino", "action_flag": 1, "change_message": "[{\"added\": {}}]"}}, {"model": "admin.logentry", "pk": 96, "fields": {"action_time": "2025-04-23T04:00:45.740Z", "user": 1, "content_type": 9, "object_id": "20", "object_repr": "Valentino Di Paolo Leather Bucket Bag", "action_flag": 1, "change_message": "[{\"added\": {}}, {\"added\": {\"name\": \"product image\", \"object\": \"Image for Valentino Di Paolo Leather Bucket Bag\"}}, {\"added\": {\"name\": \"product image\", \"object\": \"Image for Valentino Di Paolo Leather Bucket Bag\"}}, {\"added\": {\"name\": \"product image\", \"object\": \"Image for Valentino Di Paolo Leather Bucket Bag\"}}, {\"added\": {\"name\": \"product image\", \"object\": \"Image for Valentino Di Paolo Leather Bucket Bag\"}}, {\"added\": {\"name\": \"product image\", \"object\": \"Image for Valentino Di Paolo Leather Bucket Bag\"}}]"}}, {"model": "admin.logentry", "pk": 97, "fields": {"action_time": "2025-04-23T04:09:26.668Z", "user": 1, "content_type": 8, "object_id": "9", "object_repr": "Jackets & Coats", "action_flag": 1, "change_message": "[{\"added\": {}}]"}}, {"model": "admin.logentry", "pk": 98, "fields": {"action_time": "2025-04-23T04:09:49.490Z", "user": 1, "content_type": 7, "object_id": "15", "object_repr": "Whet Blu NYC", "action_flag": 1, "change_message": "[{\"added\": {}}]"}}, {"model": "admin.logentry", "pk": 99, "fields": {"action_time": "2025-04-23T04:12:50.827Z", "user": 1, "content_type": 9, "object_id": "21", "object_repr": "Whet Blu NYC Leather Coat Jacket", "action_flag": 1, "change_message": "[{\"added\": {}}, {\"added\": {\"name\": \"product image\", \"object\": \"Image for Whet Blu NYC Leather Coat Jacket\"}}, {\"added\": {\"name\": \"product image\", \"object\": \"Image for Whet Blu NYC Leather Coat Jacket\"}}, {\"added\": {\"name\": \"product image\", \"object\": \"Image for Whet Blu NYC Leather Coat Jacket\"}}]"}}, {"model": "admin.logentry", "pk": 100, "fields": {"action_time": "2025-04-23T04:18:54.502Z", "user": 1, "content_type": 7, "object_id": "16", "object_repr": "Fendi", "action_flag": 1, "change_message": "[{\"added\": {}}]"}}, {"model": "admin.logentry", "pk": 101, "fields": {"action_time": "2025-04-23T04:19:00.315Z", "user": 1, "content_type": 8, "object_id": "10", "object_repr": "Belts", "action_flag": 1, "change_message": "[{\"added\": {}}]"}}, {"model": "admin.logentry", "pk": 102, "fields": {"action_time": "2025-04-23T04:26:46.155Z", "user": 1, "content_type": 9, "object_id": "22", "object_repr": "1980s Fendi Wide Elastic Leather Belt", "action_flag": 1, "change_message": "[{\"added\": {}}, {\"added\": {\"name\": \"product image\", \"object\": \"Image for 1980s Fendi Wide Elastic Leather Belt\"}}, {\"added\": {\"name\": \"product image\", \"object\": \"Image for 1980s Fendi Wide Elastic Leather Belt\"}}, {\"added\": {\"name\": \"product image\", \"object\": \"Image for 1980s Fendi Wide Elastic Leather Belt\"}}, {\"added\": {\"name\": \"product image\", \"object\": \"Image for 1980s Fendi Wide Elastic Leather Belt\"}}]"}}, {"model": "admin.logentry", "pk": 103, "fields": {"action_time": "2025-04-23T04:32:11.870Z", "user": 1, "content_type": 7, "object_id": "17", "object_repr": "Levi's", "action_flag": 1, "change_message": "[{\"added\": {}}]"}}, {"model": "admin.logentry", "pk": 104, "fields": {"action_time": "2025-04-23T04:36:49.763Z", "user": 1, "content_type": 9, "object_id": "23", "object_repr": "Rare Levi's Big E Denim Maxi Skirt", "action_flag": 1, "change_message": "[{\"added\": {}}, {\"added\": {\"name\": \"product image\", \"object\": \"Image for Rare Levi's Big E Denim Maxi Skirt\"}}, {\"added\": {\"name\": \"product image\", \"object\": \"Image for Rare Levi's Big E Denim Maxi Skirt\"}}, {\"added\": {\"name\": \"product image\", \"object\": \"Image for Rare Levi's Big E Denim Maxi Skirt\"}}]"}}, {"model": "admin.logentry", "pk": 105, "fields": {"action_time": "2025-04-23T04:55:57.697Z", "user": 1, "content_type": 7, "object_id": "18", "object_repr": "Miu", "action_flag": 1, "change_message": "[{\"added\": {}}]"}}, {"model": "admin.logentry", "pk": 106, "fields": {"action_time": "2025-04-23T04:56:03.510Z", "user": 1, "content_type": 7, "object_id": "18", "object_repr": "Miu", "action_flag": 2, "change_message": "[]"}}, {"model": "admin.logentry", "pk": 107, "fields": {"action_time": "2025-04-23T04:56:10.902Z", "user": 1, "content_type": 7, "object_id": "18", "object_repr": "Miu Miu", "action_flag": 2, "change_message": "[{\"changed\": {\"fields\": [\"Name\"]}}]"}}, {"model": "admin.logentry", "pk": 108, "fields": {"action_time": "2025-04-23T04:59:52.305Z", "user": 1, "content_type": 9, "object_id": "24", "object_repr": "Miu Miu Leather Belt", "action_flag": 1, "change_message": "[{\"added\": {}}, {\"added\": {\"name\": \"product image\", \"object\": \"Image for Miu Miu Leather Belt\"}}, {\"added\": {\"name\": \"product image\", \"object\": \"Image for Miu Miu Leather Belt\"}}, {\"added\": {\"name\": \"product image\", \"object\": \"Image for Miu Miu Leather Belt\"}}, {\"added\": {\"name\": \"product image\", \"object\": \"Image for Miu Miu Leather Belt\"}}, {\"added\": {\"name\": \"product image\", \"object\": \"Image for Miu Miu Leather Belt\"}}]"}}, {"model": "admin.logentry", "pk": 109, "fields": {"action_time": "2025-04-23T05:02:46.896Z", "user": 1, "content_type": 9, "object_id": "19", "object_repr": "Vintage Streetwear Fanny Pack", "action_flag": 2, "change_message": "[{\"changed\": {\"fields\": [\"Name\"]}}]"}}, {"model": "admin.logentry", "pk": 110, "fields": {"action_time": "2025-04-23T05:03:25.018Z", "user": 1, "content_type": 8, "object_id": "9", "object_repr": "Coats", "action_flag": 2, "change_message": "[{\"changed\": {\"fields\": [\"Name\"]}}]"}}, {"model": "admin.logentry", "pk": 111, "fields": {"action_time": "2025-04-23T05:03:32.769Z", "user": 1, "content_type": 8, "object_id": "6", "object_repr": "Jackets", "action_flag": 2, "change_message": "[{\"changed\": {\"fields\": [\"Name\"]}}]"}}, {"model": "admin.logentry", "pk": 112, "fields": {"action_time": "2025-04-23T05:04:04.144Z", "user": 1, "content_type": 9, "object_id": "18", "object_repr": "90s Miami Dolphins Puffer Jacket", "action_flag": 2, "change_message": "[{\"changed\": {\"fields\": [\"Name\"]}}]"}}, {"model": "admin.logentry", "pk": 113, "fields": {"action_time": "2025-04-23T05:04:26.067Z", "user": 1, "content_type": 9, "object_id": "17", "object_repr": "Coogi Embroidered Jeans", "action_flag": 2, "change_message": "[{\"changed\": {\"fields\": [\"Name\"]}}]"}}, {"model": "admin.logentry", "pk": 114, "fields": {"action_time": "2025-04-23T05:04:50.330Z", "user": 1, "content_type": 9, "object_id": "16", "object_repr": "90s Miami Dolphins Leather Jacket", "action_flag": 2, "change_message": "[{\"changed\": {\"fields\": [\"Name\"]}}]"}}, {"model": "admin.logentry", "pk": 115, "fields": {"action_time": "2025-04-23T05:05:17.966Z", "user": 1, "content_type": 9, "object_id": "15", "object_repr": "Ed Hardy Graphic Jean Jacket", "action_flag": 2, "change_message": "[{\"changed\": {\"fields\": [\"Name\"]}}]"}}, {"model": "auth.permission", "pk": 1, "fields": {"name": "Can add log entry", "content_type": 1, "codename": "add_logentry"}}, {"model": "auth.permission", "pk": 2, "fields": {"name": "Can change log entry", "content_type": 1, "codename": "change_logentry"}}, {"model": "auth.permission", "pk": 3, "fields": {"name": "Can delete log entry", "content_type": 1, "codename": "delete_logentry"}}, {"model": "auth.permission", "pk": 4, "fields": {"name": "Can view log entry", "content_type": 1, "codename": "view_logentry"}}, {"model": "auth.permission", "pk": 5, "fields": {"name": "Can add permission", "content_type": 2, "codename": "add_permission"}}, {"model": "auth.permission", "pk": 6, "fields": {"name": "Can change permission", "content_type": 2, "codename": "change_permission"}}, {"model": "auth.permission", "pk": 7, "fields": {"name": "Can delete permission", "content_type": 2, "codename": "delete_permission"}}, {"model": "auth.permission", "pk": 8, "fields": {"name": "Can view permission", "content_type": 2, "codename": "view_permission"}}, {"model": "auth.permission", "pk": 9, "fields": {"name": "Can add group", "content_type": 3, "codename": "add_group"}}, {"model": "auth.permission", "pk": 10, "fields": {"name": "Can change group", "content_type": 3, "codename": "change_group"}}, {"model": "auth.permission", "pk": 11, "fields": {"name": "Can delete group", "content_type": 3, "codename": "delete_group"}}, {"model": "auth.permission", "pk": 12, "fields": {"name": "Can view group", "content_type": 3, "codename": "view_group"}}, {"model": "auth.permission", "pk": 13, "fields": {"name": "Can add user", "content_type": 4, "codename": "add_user"}}, {"model": "auth.permission", "pk": 14, "fields": {"name": "Can change user", "content_type": 4, "codename": "change_user"}}, {"model": "auth.permission", "pk": 15, "fields": {"name": "Can delete user", "content_type": 4, "codename": "delete_user"}}, {"model": "auth.permission", "pk": 16, "fields": {"name": "Can view user", "content_type": 4, "codename": "view_user"}}, {"model": "auth.permission", "pk": 17, "fields": {"name": "Can add content type", "content_type": 5, "codename": "add_contenttype"}}, {"model": "auth.permission", "pk": 18, "fields": {"name": "Can change content type", "content_type": 5, "codename": "change_contenttype"}}, {"model": "auth.permission", "pk": 19, "fields": {"name": "Can delete content type", "content_type": 5, "codename": "delete_contenttype"}}, {"model": "auth.permission", "pk": 20, "fields": {"name": "Can view content type", "content_type": 5, "codename": "view_contenttype"}}, {"model": "auth.permission", "pk": 21, "fields": {"name": "Can add session", "content_type": 6, "codename": "add_session"}}, {"model": "auth.permission", "pk": 22, "fields": {"name": "Can change session", "content_type": 6, "codename": "change_session"}}, {"model": "auth.permission", "pk": 23, "fields": {"name": "Can delete session", "content_type": 6, "codename": "delete_session"}}, {"model": "auth.permission", "pk": 24, "fields": {"name": "Can view session", "content_type": 6, "codename": "view_session"}}, {"model": "auth.permission", "pk": 25, "fields": {"name": "Can add brand", "content_type": 7, "codename": "add_brand"}}, {"model": "auth.permission", "pk": 26, "fields": {"name": "Can change brand", "content_type": 7, "codename": "change_brand"}}, {"model": "auth.permission", "pk": 27, "fields": {"name": "Can delete brand", "content_type": 7, "codename": "delete_brand"}}, {"model": "auth.permission", "pk": 28, "fields": {"name": "Can view brand", "content_type": 7, "codename": "view_brand"}}, {"model": "auth.permission", "pk": 29, "fields": {"name": "Can add category", "content_type": 8, "codename": "add_category"}}, {"model": "auth.permission", "pk": 30, "fields": {"name": "Can change category", "content_type": 8, "codename": "change_category"}}, {"model": "auth.permission", "pk": 31, "fields": {"name": "Can delete category", "content_type": 8, "codename": "delete_category"}}, {"model": "auth.permission", "pk": 32, "fields": {"name": "Can view category", "content_type": 8, "codename": "view_category"}}, {"model": "auth.permission", "pk": 33, "fields": {"name": "Can add product", "content_type": 9, "codename": "add_product"}}, {"model": "auth.permission", "pk": 34, "fields": {"name": "Can change product", "content_type": 9, "codename": "change_product"}}, {"model": "auth.permission", "pk": 35, "fields": {"name": "Can delete product", "content_type": 9, "codename": "delete_product"}}, {"model": "auth.permission", "pk": 36, "fields": {"name": "Can view product", "content_type": 9, "codename": "view_product"}}, {"model": "auth.permission", "pk": 37, "fields": {"name": "Can add product image", "content_type": 10, "codename": "add_productimage"}}, {"model": "auth.permission", "pk": 38, "fields": {"name": "Can change product image", "content_type": 10, "codename": "change_productimage"}}, {"model": "auth.permission", "pk": 39, "fields": {"name": "Can delete product image", "content_type": 10, "codename": "delete_productimage"}}, {"model": "auth.permission", "pk": 40, "fields": {"name": "Can view product image", "content_type": 10, "codename": "view_productimage"}}, {"model": "auth.permission", "pk": 41, "fields": {"name": "Can add instagram image", "content_type": 11, "codename": "add_instagramimage"}}, {"model": "auth.permission", "pk": 42, "fields": {"name": "Can change instagram image", "content_type": 11, "codename": "change_instagramimage"}}, {"model": "auth.permission", "pk": 43, "fields": {"name": "Can delete instagram image", "content_type": 11, "codename": "delete_instagramimage"}}, {"model": "auth.permission", "pk": 44, "fields": {"name": "Can view instagram image", "content_type": 11, "codename": "view_instagramimage"}}, {"model": "auth.user", "pk": 1, "fields": {"password": "pbkdf2_sha256$600000$VoD1N0EDEEh2Rgve8gDGQv$HFYhZOyQ4aAv+axvQYO0yfogZi+e5LOTfRzg91kcDYU=", "last_login": "2025-04-22T01:20:10.781Z", "is_superuser": true, "username": "MAYA", "first_name": "", "last_name": "", "email": "", "is_staff": true, "is_active": true, "date_joined": "2025-02-24T05:31:15.430Z", "groups": [], "user_permissions": []}}, {"model": "contenttypes.contenttype", "pk": 1, "fields": {"app_label": "admin", "model": "logentry"}}, {"model": "contenttypes.contenttype", "pk": 2, "fields": {"app_label": "auth", "model": "permission"}}, {"model": "contenttypes.contenttype", "pk": 3, "fields": {"app_label": "auth", "model": "group"}}, {"model": "contenttypes.contenttype", "pk": 4, "fields": {"app_label": "auth", "model": "user"}}, {"model": "contenttypes.contenttype", "pk": 5, "fields": {"app_label": "contenttypes", "model": "contenttype"}}, {"model": "contenttypes.contenttype", "pk": 6, "fields": {"app_label": "sessions", "model": "session"}}, {"model": "contenttypes.contenttype", "pk": 7, "fields": {"app_label": "myapp", "model": "brand"}}, {"model": "contenttypes.contenttype", "pk": 8, "fields": {"app_label": "myapp", "model": "category"}}, {"model": "contenttypes.contenttype", "pk": 9, "fields": {"app_label": "myapp", "model": "product"}}, {"model": "contenttypes.contenttype", "pk": 10, "fields": {"app_label": "myapp", "model": "productimage"}}, {"model": "contenttypes.contenttype", "pk": 11, "fields": {"app_label": "myapp", "model": "instagramimage"}}, {"model": "sessions.session", "pk": "04g76ydhdou68vc1gowuw4tq5bto7evb", "fields": {"session_data": ".eJxVjEEOwiAQRe_C2pChDKO4dO8ZGgYGqRpISrsy3l2bdKHb_977LzWGdSnj2mUep6TOyqjD78YhPqRuIN1DvTUdW13mifWm6J12fW1Jnpfd_TsooZdvLUaQ2RFiyEgRfIQ8IJOAB0bC6G12MVlzIrZ4ZGBwPqEbkJits-r9AeIbN2I:1tmRBB:I2mqJvq4gjIUTVeeINqQV17oTJOR2blnyTthJPY0hF8", "expire_date": "2025-03-10T05:38:57.575Z"}}, {"model": "sessions.session", "pk": "8f1xt42sl4svl86ds9bkyhomp82jgyb5", "fields": {"session_data": ".eJxVjMEOwiAQBf-FsyFQFpQevfsNhF1AqgaSQk9N_9026UGvb-bNypxfenZLi7ObAhuZZJffDT29YzlAePnyrJxq6fOE_FD4SRt_1BA_99P9C2Tf8v6OMgKiNgA-gSFhSaQB0ERhBYIBsippCkreDCq4okChbQA9gEFUWu1R8nNn47ptXxrIOq4:1u6m8K:voIXvkLBoOG0n_aKFh7o7tCmnONDKzFTh_iFbRc6leQ", "expire_date": "2025-05-05T08:04:04.949Z"}}, {"model": "sessions.session", "pk": "aknmogxbydy64co020cq4o7avvjks7zs", "fields": {"session_data": ".eJxVjEEOwiAQRe_C2pChDKO4dO8ZGgYGqRpISrsy3l2bdKHb_977LzWGdSnj2mUep6TOyqjD78YhPqRuIN1DvTUdW13mifWm6J12fW1Jnpfd_TsooZdvLUaQ2RFiyEgRfIQ8IJOAB0bC6G12MVlzIrZ4ZGBwPqEbkJits-r9AeIbN2I:1tmoU3:vHWbm6dm9MitvwCT4dDywV7U9WbGuzjA9peC7LPFGMI", "expire_date": "2025-03-11T06:31:59.247Z"}}, {"model": "sessions.session", "pk": "gtsnooe0o3dgvbn195nuqhcssip35dz1", "fields": {"session_data": ".eJxVjMEOwiAQBf-FsyFQFpQevfsNhF1AqgaSQk9N_9026UGvb-bNypxfenZLi7ObAhuZZJffDT29YzlAePnyrJxq6fOE_FD4SRt_1BA_99P9C2Tf8v6OMgKiNgA-gSFhSaQB0ERhBYIBsippCkreDCq4okChbQA9gEFUWu1R8nNn47ptXxrIOq4:1u7S3c:7OK9knfGIZn5BTuZ6IG-DLnxADckTWwB0YNJmR5pJ_I", "expire_date": "2025-05-07T04:50:00.309Z"}}, {"model": "sessions.session", "pk": "ja3ha8jn82xethsyayqkunzj7ibll1lg", "fields": {"session_data": ".eJxVjEEOwiAQRe_C2pChDKO4dO8ZGgYGqRpISrsy3l2bdKHb_977LzWGdSnj2mUep6TOyqjD78YhPqRuIN1DvTUdW13mifWm6J12fW1Jnpfd_TsooZdvLUaQ2RFiyEgRfIQ8IJOAB0bC6G12MVlzIrZ4ZGBwPqEbkJits-r9AeIbN2I:1u2hix:c6N0-YpwLgwTCLQnZmZjvAAIxzhpybNOFjCprV0ANZg", "expire_date": "2025-04-24T02:33:03.941Z"}}, {"model": "myapp.category", "pk": 1, "fields": {"name": "Hats"}}, {"model": "myapp.category", "pk": 2, "fields": {"name": "Jewelry"}}, {"model": "myapp.category", "pk": 3, "fields": {"name": "Tops"}}, {"model": "myapp.category", "pk": 4, "fields": {"name": "Bottoms"}}, {"model": "myapp.category", "pk": 5, "fields": {"name": "Dresses"}}, {"model": "myapp.category", "pk": 6, "fields": {"name": "Jackets"}}, {"model": "myapp.category", "pk": 7, "fields": {"name": "Shoes"}}, {"model": "myapp.category", "pk": 8, "fields": {"name": "Purses"}}, {"model": "myapp.category", "pk": 9, "fields": {"name": "Coats"}}, {"model": "myapp.category", "pk": 10, "fields": {"name": "Belts"}}, {"model": "myapp.brand", "pk": 1, "fields": {"name": "Juicy Couture"}}, {"model": "myapp.brand", "pk": 2, "fields": {"name": "True Religion"}}, {"model": "myapp.brand", "pk": 3, "fields": {"name": "Harley Davidson"}}, {"model": "myapp.brand", "pk": 4, "fields": {"name": "Leg Avenue"}}, {"model": "myapp.brand", "pk": 5, "fields": {"name": "Guess"}}, {"model": "myapp.brand", "pk": 6, "fields": {"name": "Christian Dior"}}, {"model": "myapp.brand", "pk": 7, "fields": {"name": "Jean Paul Gaultier"}}, {"model": "myapp.brand", "pk": 8, "fields": {"name": "Marithé + François Girbaud"}}, {"model": "myapp.brand", "pk": 9, "fields": {"name": "Rick Owens x Converse"}}, {"model": "myapp.brand", "pk": 10, "fields": {"name": "Ed Hardy"}}, {"model": "myapp.brand", "pk": 11, "fields": {"name": "Miami Dolphin's"}}, {"model": "myapp.brand", "pk": 12, "fields": {"name": "COOGI"}}, {"model": "myapp.brand", "pk": 13, "fields": {"name": "Brandless"}}, {"model": "myapp.brand", "pk": 14, "fields": {"name": "Valentino"}}, {"model": "myapp.brand", "pk": 15, "fields": {"name": "Whet Blu NYC"}}, {"model": "myapp.brand", "pk": 16, "fields": {"name": "Fendi"}}, {"model": "myapp.brand", "pk": 17, "fields": {"name": "Levi's"}}, {"model": "myapp.brand", "pk": 18, "fields": {"name": "Miu Miu"}}, {"model": "myapp.product", "pk": 11, "fields": {"name": "Jean-Paul Gaultier Women's Multi Vest", "description": "Rare Vintage Jean Paul Gaultier Tropical Diving Parrot and Ballerina Mesh Top\r\n\r\nDescription: Beautiful vintage Jean Paul Gaultier Mesh top. Featuring a tropical scene, with ballerinas, parrots, and a colorful design this is a perfect archive to add to your closet. In great condition, no damages. Please message me before buying.\r\n\r\nKeywords: Vintage, Rare, Vintage top, graphic top, rare vintage top, rare top, JPG, Jean Paul Gaultier, Gaultier top, mesh top, tropical top, summer top, tank top, it girl, streetwear, 2000s top, y2k, amalfi coast, carribean.", "price": "200.00", "size": "\"L\"", "category": 3, "brand": 7, "created_at": "2025-02-26T12:30:29.925Z"}}, {"model": "myapp.product", "pk": 13, "fields": {"name": "Marithé + François Girbaud Men's multi Jacket", "description": "Vintage Marithe Francois Girbaud Rare Striped Denim Jacket\r\n\r\nDescription: Extremely rare and vintage Francois Girbaud denim jacket. Great for the upcoming seasons, perfect to spice up any outfit. Extremely high fashion, rare striped denim.\r\n\r\nKeywords: Marithe Francois Girbaud, Denim jacket, Jean jacket, Vintage girbaud, Striped denim, High fashion, Vintage designer, Vintage jean jacket, rare archive, rare jean jacket, streetwear, fall jacket,", "price": "120.00", "size": "\"XXL\"", "category": 6, "brand": 8, "created_at": "2025-02-26T12:47:19.409Z"}}, {"model": "myapp.product", "pk": 14, "fields": {"name": "RICK OWENS DRKSHDW SNEAKERS", "description": "Rick Owens DRKSHDW x Converse Low Top Chuck 70 Coffin Toe Sneakers", "price": "100.00", "size": "Men's 11", "category": 7, "brand": 9, "created_at": "2025-04-22T01:35:44.815Z"}}, {"model": "myapp.product", "pk": 15, "fields": {"name": "Ed Hardy Graphic Jean Jacket", "description": "Vintage Ed Hardy by Christian Audigier Denim Jean Jacket with Embroidered Eagle Skull", "price": "100.00", "size": "Men's L", "category": 6, "brand": 10, "created_at": "2025-04-22T01:40:03.210Z"}}, {"model": "myapp.product", "pk": 16, "fields": {"name": "90s Miami Dolphins Leather Jacket", "description": "Vintage Miami Dolphins Starter Pro Line Leather Jacket", "price": "275.00", "size": "Men's XL", "category": 6, "brand": 11, "created_at": "2025-04-22T01:43:03.248Z"}}, {"model": "myapp.product", "pk": 17, "fields": {"name": "Coogi Embroidered Jeans", "description": "Vintage Y2K Coogi Embroidered Graphic Jeans", "price": "75.00", "size": "Men's Size 36\"", "category": 4, "brand": 12, "created_at": "2025-04-22T01:46:06.825Z"}}, {"model": "myapp.product", "pk": 18, "fields": {"name": "90s Miami Dolphins Puffer Jacket", "description": "Vintage 90s Miami Dolphins NFL Athletic Starter Pro Line men's jacket in size XL", "price": "250.00", "size": "Men's XL", "category": 6, "brand": 11, "created_at": "2025-04-22T01:52:27.241Z"}}, {"model": "myapp.product", "pk": 19, "fields": {"name": "Vintage Streetwear Fanny Pack", "description": "Rare Vintage \"Please Do Not Feed The Whores Drügs\" Neon Orange Streetwear Fanny Pack", "price": "145.00", "size": "N/A", "category": 8, "brand": 13, "created_at": "2025-04-22T01:54:07.644Z"}}, {"model": "myapp.product", "pk": 20, "fields": {"name": "Valentino Di Paolo Leather Bucket Bag", "description": "Beautiful Vintage Valentino Di Paolo Leather Bucket Bag/Backpack. Made in Italy.", "price": "300.00", "size": "\"one size\"", "category": 8, "brand": 14, "created_at": "2025-04-23T04:00:45.736Z"}}, {"model": "myapp.product", "pk": 21, "fields": {"name": "Whet Blu NYC Leather Coat Jacket", "description": "All leather Whet Blu NYC Leather Tan Coat Jacket.", "price": "85.00", "size": "\"M\"", "category": 9, "brand": 15, "created_at": "2025-04-23T04:12:50.821Z"}}, {"model": "myapp.product", "pk": 22, "fields": {"name": "1980s Fendi Wide Elastic Leather Belt", "description": "Rare Vintage Fendi Belt with Leather and Elastic Material.", "price": "200.00", "size": "\"32\"", "category": 10, "brand": 16, "created_at": "2025-04-23T04:26:46.150Z"}}, {"model": "myapp.product", "pk": 23, "fields": {"name": "Rare Levi's Big E Denim Maxi Skirt", "description": "Levi's Rare \"Big E\" Vintage Denim Maxi Skirt.", "price": "150.00", "size": "\"28\"", "category": 4, "brand": 17, "created_at": "2025-04-23T04:36:49.760Z"}}, {"model": "myapp.product", "pk": 24, "fields": {"name": "Miu Miu Leather Belt", "description": "Rare Vintage Miu Miu Leather Belt with Gold Accents.", "price": "215.00", "size": "\"32\"", "category": 10, "brand": 18, "created_at": "2025-04-23T04:59:52.300Z"}}, {"model": "myapp.productimage", "pk": 25, "fields": {"product": 11, "image": "products/images/P0-1_PpPSkr8.jpg", "alt_text": null}}, {"model": "myapp.productimage", "pk": 26, "fields": {"product": 11, "image": "products/images/P0_9ItaXqS.jpg", "alt_text": null}}, {"model": "myapp.productimage", "pk": 27, "fields": {"product": 11, "image": "products/images/P0-2_LTwYg56.jpg", "alt_text": null}}, {"model": "myapp.productimage", "pk": 36, "fields": {"product": 13, "image": "products/images/P0-1_SHHJhs3.jpg", "alt_text": null}}, {"model": "myapp.productimage", "pk": 37, "fields": {"product": 13, "image": "products/images/P0-2_6wdb9UV.jpg", "alt_text": null}}, {"model": "myapp.productimage", "pk": 38, "fields": {"product": 13, "image": "products/images/P0-3_ApUstGi.jpg", "alt_text": null}}, {"model": "myapp.productimage", "pk": 39, "fields": {"product": 13, "image": "products/images/P0-4_ZeP441J.jpg", "alt_text": null}}, {"model": "myapp.productimage", "pk": 40, "fields": {"product": 13, "image": "products/images/P0_9PywDap.jpg", "alt_text": null}}, {"model": "myapp.productimage", "pk": 41, "fields": {"product": 14, "image": "products/images/4A4B1104-94A5-4CD2-AA67-F229D1A48DC1.JPEG", "alt_text": null}}, {"model": "myapp.productimage", "pk": 42, "fields": {"product": 14, "image": "products/images/3D622516-E2A6-4668-A8AA-509EB486D4AA.JPEG", "alt_text": null}}, {"model": "myapp.productimage", "pk": 43, "fields": {"product": 14, "image": "products/images/6AD8B798-9B03-4AE8-8124-AD405EC65AB1.JPEG", "alt_text": null}}, {"model": "myapp.productimage", "pk": 44, "fields": {"product": 14, "image": "products/images/09ABC43F-9F32-4F66-870F-3F48577DD96F.JPEG", "alt_text": null}}, {"model": "myapp.productimage", "pk": 45, "fields": {"product": 14, "image": "products/images/65DD5F08-0A43-4117-BE03-99F98C428279.JPEG", "alt_text": null}}, {"model": "myapp.productimage", "pk": 46, "fields": {"product": 14, "image": "products/images/A08CC969-687A-4727-BF3D-506A5F1ABBC5.JPEG", "alt_text": null}}, {"model": "myapp.productimage", "pk": 47, "fields": {"product": 14, "image": "products/images/FC57501B-B9BE-48D3-B21C-869DFA5335D8.JPEG", "alt_text": null}}, {"model": "myapp.productimage", "pk": 48, "fields": {"product": 15, "image": "products/images/1A0AE2BC-2F14-4858-8409-1FE6CD55727D.JPEG", "alt_text": null}}, {"model": "myapp.productimage", "pk": 49, "fields": {"product": 15, "image": "products/images/9E2C0950-7CAD-48C3-89BE-217FC6E3F8D6.JPEG", "alt_text": null}}, {"model": "myapp.productimage", "pk": 50, "fields": {"product": 15, "image": "products/images/5E8D65A1-74C8-4C36-94F3-486F31ED7106.JPEG", "alt_text": null}}, {"model": "myapp.productimage", "pk": 51, "fields": {"product": 15, "image": "products/images/036BAC88-7EE4-4671-8366-9097E627AF81.JPEG", "alt_text": null}}, {"model": "myapp.productimage", "pk": 52, "fields": {"product": 15, "image": "products/images/64A3004A-A1A2-4C40-92CB-D8A9925E73F7.JPEG", "alt_text": null}}, {"model": "myapp.productimage", "pk": 53, "fields": {"product": 15, "image": "products/images/4863E4D2-3108-482C-BCA6-6B307B84B2B1.JPEG", "alt_text": null}}, {"model": "myapp.productimage", "pk": 54, "fields": {"product": 15, "image": "products/images/21555152-218E-4524-B828-F3B89D681441.JPEG", "alt_text": null}}, {"model": "myapp.productimage", "pk": 55, "fields": {"product": 15, "image": "products/images/E8CB56DB-3307-423E-A6C2-FFBBC6866733.JPEG", "alt_text": null}}, {"model": "myapp.productimage", "pk": 56, "fields": {"product": 16, "image": "products/images/618DC075-86AE-4685-9CB2-4860BA5790AE.JPEG", "alt_text": null}}, {"model": "myapp.productimage", "pk": 57, "fields": {"product": 16, "image": "products/images/713AD3E8-BDBD-4FE8-BFFD-6F4D0CB33CBE.JPEG", "alt_text": null}}, {"model": "myapp.productimage", "pk": 58, "fields": {"product": 16, "image": "products/images/AB79782B-667B-4A3F-BC8F-F1A765D4DB47.JPEG", "alt_text": null}}, {"model": "myapp.productimage", "pk": 59, "fields": {"product": 16, "image": "products/images/B5692184-39AA-458F-8333-348930520840.JPEG", "alt_text": null}}, {"model": "myapp.productimage", "pk": 60, "fields": {"product": 16, "image": "products/images/C35F787A-08EE-4ECE-8AC4-E104406A5624.JPEG", "alt_text": null}}, {"model": "myapp.productimage", "pk": 61, "fields": {"product": 16, "image": "products/images/C832E991-57B1-402F-9330-D66AC52A2350.JPEG", "alt_text": null}}, {"model": "myapp.productimage", "pk": 62, "fields": {"product": 16, "image": "products/images/D1DF010C-22D1-45BD-83C0-51817039A393.JPEG", "alt_text": null}}, {"model": "myapp.productimage", "pk": 63, "fields": {"product": 16, "image": "products/images/D4FEAF4C-E063-40B6-B1EE-00EC8BECA3F8.JPEG", "alt_text": null}}, {"model": "myapp.productimage", "pk": 64, "fields": {"product": 16, "image": "products/images/F3F9DE41-7449-43D9-9305-D98B11D2FB7C.JPEG", "alt_text": null}}, {"model": "myapp.productimage", "pk": 65, "fields": {"product": 16, "image": "products/images/F44128FD-9BE2-47D7-8E9C-85FFD18A609D.JPEG", "alt_text": null}}, {"model": "myapp.productimage", "pk": 66, "fields": {"product": 17, "image": "products/images/35F5C47C-6116-46F6-B11A-808911C08B31.JPEG", "alt_text": null}}, {"model": "myapp.productimage", "pk": 67, "fields": {"product": 17, "image": "products/images/750CEAB8-7E0D-4A5B-BD1E-D508B4070181.JPEG", "alt_text": null}}, {"model": "myapp.productimage", "pk": 68, "fields": {"product": 17, "image": "products/images/BD4D312A-9678-4F64-B78E-492C0BFDB172.JPEG", "alt_text": null}}, {"model": "myapp.productimage", "pk": 69, "fields": {"product": 17, "image": "products/images/F7BE0EFF-F726-4EDE-B632-B0DF95B7E879.JPEG", "alt_text": null}}, {"model": "myapp.productimage", "pk": 70, "fields": {"product": 17, "image": "products/images/FD69DBC5-FBF6-45CE-AEBF-7C2973759088.JPEG", "alt_text": null}}, {"model": "myapp.productimage", "pk": 71, "fields": {"product": 18, "image": "products/images/5D91AABA-FCA0-45C3-BB4E-8F336977E633.JPEG", "alt_text": null}}, {"model": "myapp.productimage", "pk": 72, "fields": {"product": 18, "image": "products/images/9FB6E067-C80C-4E0E-9E7C-71844BB645C8.JPEG", "alt_text": null}}, {"model": "myapp.productimage", "pk": 73, "fields": {"product": 18, "image": "products/images/5A2B77C0-B673-492E-9F35-4A43CBD3DE53.JPEG", "alt_text": null}}, {"model": "myapp.productimage", "pk": 74, "fields": {"product": 18, "image": "products/images/60186A8E-26FC-4CA2-B888-F7A72F186E46.JPEG", "alt_text": null}}, {"model": "myapp.productimage", "pk": 75, "fields": {"product": 18, "image": "products/images/CB0A9DA0-8862-4A76-8D26-B6C88067F044.JPEG", "alt_text": null}}, {"model": "myapp.productimage", "pk": 76, "fields": {"product": 18, "image": "products/images/E2AB4086-CBCA-4E20-8117-DCE80B584B2A.JPEG", "alt_text": null}}, {"model": "myapp.productimage", "pk": 77, "fields": {"product": 18, "image": "products/images/F6ABED03-04BD-4BB6-9040-961526DA9967.JPEG", "alt_text": null}}, {"model": "myapp.productimage", "pk": 78, "fields": {"product": 19, "image": "products/images/7A5CD463-073B-4C03-A606-48C47AAA9DC5.JPEG", "alt_text": null}}, {"model": "myapp.productimage", "pk": 79, "fields": {"product": 19, "image": "products/images/E4BF1EAC-C950-48F9-863C-B19BE55060B0.JPEG", "alt_text": null}}, {"model": "myapp.productimage", "pk": 80, "fields": {"product": 19, "image": "products/images/E3123AC0-F772-4360-83F2-6B45420ACE32.JPEG", "alt_text": null}}, {"model": "myapp.productimage", "pk": 81, "fields": {"product": 20, "image": "products/images/MagicEraser_250420_193526.JPG", "alt_text": null}}, {"model": "myapp.productimage", "pk": 82, "fields": {"product": 20, "image": "products/images/MagicEraser_250420_194109.JPG", "alt_text": null}}, {"model": "myapp.productimage", "pk": 83, "fields": {"product": 20, "image": "products/images/MagicEraser_250420_194156.JPG", "alt_text": null}}, {"model": "myapp.productimage", "pk": 84, "fields": {"product": 20, "image": "products/images/MagicEraser_250420_194354.JPG", "alt_text": null}}, {"model": "myapp.productimage", "pk": 85, "fields": {"product": 20, "image": "products/images/MagicEraser_250420_194444.JPG", "alt_text": null}}, {"model": "myapp.productimage", "pk": 86, "fields": {"product": 21, "image": "products/images/MagicEraser_250423_000241.JPG", "alt_text": null}}, {"model": "myapp.productimage", "pk": 87, "fields": {"product": 21, "image": "products/images/MagicEraser_250423_000427.JPG", "alt_text": null}}, {"model": "myapp.productimage", "pk": 88, "fields": {"product": 21, "image": "products/images/0661cb70-7596-4ec5-abc4-1795308080b3.JPG", "alt_text": null}}, {"model": "myapp.productimage", "pk": 89, "fields": {"product": 22, "image": "products/images/37E91B75-9604-45C9-B7A0-45EA142415B4.JPG", "alt_text": null}}, {"model": "myapp.productimage", "pk": 90, "fields": {"product": 22, "image": "products/images/20B2B239-4B20-468F-AE8A-F97FF8CBEBEF.JPG", "alt_text": null}}, {"model": "myapp.productimage", "pk": 91, "fields": {"product": 22, "image": "products/images/47296289-8B99-420B-AD3E-89E68B6C5AAE.JPG", "alt_text": null}}, {"model": "myapp.productimage", "pk": 92, "fields": {"product": 22, "image": "products/images/BAF6EB81-07AD-4B0B-B0EE-8267BEAFB779.JPG", "alt_text": null}}, {"model": "myapp.productimage", "pk": 93, "fields": {"product": 23, "image": "products/images/DA0A5BB2-F3EE-4186-9018-676B37542260.JPEG", "alt_text": null}}, {"model": "myapp.productimage", "pk": 94, "fields": {"product": 23, "image": "products/images/15421923-62C7-4A12-9887-8C6405B7045D.JPEG", "alt_text": null}}, {"model": "myapp.productimage", "pk": 95, "fields": {"product": 23, "image": "products/images/CDF3A255-B43F-4FB6-8379-565D603860F3.JPEG", "alt_text": null}}, {"model": "myapp.productimage", "pk": 96, "fields": {"product": 24, "image": "products/images/15DF5813-727D-4D4A-A0AB-3B238C1CC169.JPEG", "alt_text": null}}, {"model": "myapp.productimage", "pk": 97, "fields": {"product": 24, "image": "products/images/5EFE0DE0-575F-4503-AF23-3E210C9119CC.JPEG", "alt_text": null}}, {"model": "myapp.productimage", "pk": 98, "fields": {"product": 24, "image": "products/images/B8C782C7-7088-4C7C-8A55-65962B9AE303.JPEG", "alt_text": null}}, {"model": "myapp.productimage", "pk": 99, "fields": {"product": 24, "image": "products/images/86B649FA-5B7F-4E59-94A1-59D98D531CF2.JPEG", "alt_text": null}}, {"model": "myapp.productimage", "pk": 100, "fields": {"product": 24, "image": "products/images/0BBF144B-0EF5-4530-BB13-1A60683F5249.JPEG", "alt_text": null}}, {"model": "myapp.instagramimage", "pk": 21, "fields": {"image_file": "instagram/431604078_961717148684728_4579963801218717087_n.jpg", "link": "https://www.instagram.com/p/C4JVZZmp4jf/"}}, {"model": "myapp.instagramimage", "pk": 22, "fields": {"image_file": "instagram/434359194_779791040791314_5970062010744591711_n.jpg", "link": "https://www.instagram.com/p/C44oVXLtbk_/"}}, {"model": "myapp.instagramimage", "pk": 23, "fields": {"image_file": "instagram/446218931_2250996775243765_3251114871304363780_n.jpg", "link": "https://www.instagram.com/p/C7cubcbpU3T/"}}, {"model": "myapp.instagramimage", "pk": 24, "fields": {"image_file": "instagram/456173836_810242287825856_4814164405974582026_n.jpg", "link": "https://www.instagram.com/p/C-06KUtSGC5/"}}, {"model": "myapp.instagramimage", "pk": 25, "fields": {"image_file": "instagram/472472363_1116904326425279_2783623991881310407_n.jpg", "link": "https://www.instagram.com/p/DEgIGARskjW/"}}, {"model": "myapp.instagramimage", "pk": 26, "fields": {"image_file": "instagram/485449857_17986359593795963_8788839848049638831_n.jpg", "link": "https://www.instagram.com/p/DHg_ToWvZLx/"}}, {"model": "myapp.instagramimage", "pk": 27, "fields": {"image_file": "instagram/485451424_17986359632795963_7870027015038255818_n.jpg", "link": "https://www.instagram.com/p/DHg_ToWvZLx/"}}, {"model": "myapp.instagramimage", "pk": 28, "fields": {"image_file": "instagram/485653956_17986359605795963_3885953438487748118_n.jpg", "link": "https://www.instagram.com/p/DHg_ToWvZLx/"}}, {"model": "myapp.instagramimage", "pk": 29, "fields": {"image_file": "instagram/486493984_17986358975795963_2741066886057326018_n.jpg", "link": "https://www.instagram.com/p/DHg-aRHvFxf/"}}]